ID,start_time,end_time,duration,birth_year,birth_country,immigrated_year,gender,primary_language,undergrad,teaching_division,teachable_subject,q1_basic,q2_basic,q3_basic,q4_basic,q1_advanced,q2_advanced,q3_advanced,q4_advanced,q5_advanced,stock_mkt_participation,investment_guide,platforms,future_stock_mkt_participation,consent,duration_minutes,undergrad_category,finance_background,born_in_canada,q1_basic_correct,q2_basic_correct,q3_basic_correct,q4_basic_correct,q1_advanced_correct,q2_advanced_correct,q3_advanced_correct,q4_advanced_correct,q5_advanced_correct,basic_index,advanced_index,overall_index,age,stock_mkt_participation_clean
8,1-19-26 9:21:03,1-19-26 9:24:52,1-0-00 0:03:49,1999,canada,,female,english,pre law,primary/junior (p/j),,more than $102,exactly the same,they are equally rich,less than today,do not know,do not know,do not know,stays the same,fall,Yes,Advice from family or friends;,"Self-directed online investment platformsÊ(e.g., Questrade, Wealthsimple, Robinhood, Interactive Brokers);",Yes,Yes,3.816666666666667,social sciences,0,1,1,0,0,0,0,0,0,0,0,0.25,0.0,0.1111111111111111,26,1
11,1-19-26 9:21:16,1-19-26 9:25:15,1-0-00 0:03:59,2002,canada,,female,english,psychology,primary/junior (p/j),,do not know,do not know,do not know,do not know,do not know,do not know,do not know,do not know,do not know,No,,I do not currently use any investment platforms;,Yes,Yes,3.9833333333333334,social sciences,0,1,0,0,0,0,0,0,0,0,0,0.0,0.0,0.0,23,0
12,1-19-26 9:21:06,1-19-26 9:25:38,1-0-00 0:04:32,1998,canada,,female,english,cognitive science of language,primary/junior (p/j),,more than $102,exactly the same,his sibling,the same,the stock market brings people who want to buy stocks together with those who want to sell stocks.,he owns a part of firm b,he has lent money to firm b,increases,fall,No,,"Bank-affiliated investment platformsÊ(e.g., TD Direct Investing, RBC Direct Investing);",Yes,Yes,4.533333333333333,stem & health sciences,0,1,1,0,0,1,1,1,1,0,0,0.5,0.6,0.5555555555555556,27,0
13,1-19-26 9:21:15,1-19-26 9:25:51,1-0-00 0:04:36,2003,canada,,female,english,child and youth studies,primary/junior (p/j),,more than $102,do not know,they are equally rich,less than today,the stock market results in an increase in the price of stocks.,he owns a part of firm b,he is liable for firm bõs debts,decreases,do not know,Yes,Advice from family or friends;,"Bank-affiliated investment platformsÊ(e.g., TD Direct Investing, RBC Direct Investing);",Yes,Yes,4.6,education & child studies,0,1,1,0,0,0,0,1,0,1,0,0.25,0.4,0.3333333333333333,22,1
14,1-19-26 9:21:05,1-19-26 9:26:00,1-0-00 0:04:55,2001,ireland,2003,female,english,child and youth care,primary/junior (p/j),,more than $102,do not know,my friend,do not know,the stock market helps to predict stock earnings.,he owns a part of firm b,do not know,do not know,do not know,No,,I do not currently use any investment platforms;,No,Yes,4.916666666666667,education & child studies,0,0,1,0,1,0,0,1,0,0,0,0.5,0.2,0.3333333333333333,24,0
15,1-19-26 9:21:14,1-19-26 9:26:02,1-0-00 0:04:48,2003,canada,,female,english,social work,primary/junior (p/j),,more than $102,less than today,his sibling,more than today,the stock market helps to predict stock earnings.,he owns a part of firm b,he has lent money to firm b,increases,fall,Yes,"Information from financial news/media (e.g., Bloomberg, CNBC);Online forums (e.g., X, Reddit, Discord, personal finance communities);Personal research (books, articles, academic papers);Trading platforms' resources (e.g. Blossom App);","Self-directed online investment platformsÊ(e.g., Questrade, Wealthsimple, Robinhood, Interactive Brokers);",Yes,Yes,4.8,education & child studies,0,1,1,1,0,0,0,1,1,0,0,0.5,0.4,0.4444444444444444,22,1
16,1-19-26 9:21:07,1-19-26 9:26:03,1-0-00 0:04:56,2003,china,2021,female,english,psychology,primary/junior (p/j),,more than $102,less than today,my friend,the same,the stock market brings people who want to buy stocks together with those who want to sell stocks.,do not know,do not know,increases,do not know,Yes,Advice from family or friends;,"Self-directed online investment platformsÊ(e.g., Questrade, Wealthsimple, Robinhood, Interactive Brokers);",Yes,Yes,4.933333333333334,social sciences,0,0,1,1,1,1,1,0,0,0,0,1.0,0.2,0.5555555555555556,22,1
17,1-19-26 9:21:05,1-19-26 9:26:32,1-0-00 0:05:27,2003,canada,,female,english,psychology,primary/junior (p/j),,do not know,do not know,do not know,do not know,none of the above,he owns a part of firm b,do not know,do not know,do not know,No,,I do not currently use any investment platforms;,Yes,Yes,5.45,social sciences,0,1,0,0,0,0,0,1,0,0,0,0.0,0.2,0.1111111111111111,22,0
18,1-19-26 9:21:09,1-19-26 9:26:33,1-0-00 0:05:24,2001,canada,,female,english,sociology (bilingual),primary/junior (p/j),,more than $102,less than today,my friend,the same,none of the above,he owns a part of firm b,do not know,decreases,do not know,No,,"Self-directed online investment platformsÊ(e.g., Questrade, Wealthsimple, Robinhood, Interactive Brokers);Bank-affiliated investment platformsÊ(e.g., TD Direct Investing, RBC Direct Investing);",Yes,Yes,5.4,social sciences,0,1,1,1,1,1,0,1,0,1,0,1.0,0.4,0.6666666666666666,24,0
19,1-19-26 9:21:16,1-19-26 9:26:46,1-0-00 0:05:30,1998,canada,,male,english,environmental studies,primary/junior (p/j),,more than $102,do not know,do not know,the same,the stock market brings people who want to buy stocks together with those who want to sell stocks.,he owns a part of firm b,he has lent money to firm b,increases,there is no clear correlation,Yes,"Recommendations from social media (e.g., TikTok, Instagram, YouTube);Advice from family or friends;Online forums (e.g., X, Reddit, Discord, personal finance communities);Information from financial news/media (e.g., Bloomberg, CNBC);Automated tools/ChatGPT;","Self-directed online investment platformsÊ(e.g., Questrade, Wealthsimple, Robinhood, Interactive Brokers);Bank-affiliated investment platformsÊ(e.g., TD Direct Investing, RBC Direct Investing);","I already own individual stocks, bonds, mutual funds or index funds.",Yes,5.5,social sciences,0,1,1,0,0,1,1,1,1,0,0,0.5,0.6,0.5555555555555556,27,1
20,1-19-26 9:22:13,1-19-26 9:26:47,1-0-00 0:04:34,2003,canada,,female,english,architecture,primary/junior (p/j),,do not know,do not know,do not know,do not know,the stock market results in an increase in the price of stocks.,do not know,do not know,do not know,do not know,No,,"Bank-affiliated investment platformsÊ(e.g., TD Direct Investing, RBC Direct Investing);",Yes,Yes,4.566666666666666,"arts, design & media",0,1,0,0,0,0,0,0,0,0,0,0.0,0.0,0.0,22,0
21,1-19-26 9:21:07,1-19-26 9:26:57,1-0-00 0:05:50,2002,canada,,male,english,social work,primary/junior (p/j),,do not know,do not know,do not know,do not know,the stock market brings people who want to buy stocks together with those who want to sell stocks.,do not know,do not know,do not know,fall,No,,"Bank-affiliated investment platformsÊ(e.g., TD Direct Investing, RBC Direct Investing);","I already own individual stocks, bonds, mutual funds or index funds.",Yes,5.833333333333333,education & child studies,0,1,0,0,0,0,1,0,0,0,0,0.0,0.2,0.1111111111111111,23,0
22,1-19-26 9:21:03,1-19-26 9:27:02,1-0-00 0:05:59,2003,egypt,2013,female,english,psychology,primary/junior (p/j),,more than $102,less than today,they are equally rich,more than today,the stock market results in an increase in the price of stocks.,he owns a part of firm b,he has lent money to firm b,stays the same,rise,No,,"Bank-affiliated investment platformsÊ(e.g., TD Direct Investing, RBC Direct Investing);",Yes,Yes,5.983333333333333,social sciences,0,0,1,1,0,0,0,1,1,0,1,0.5,0.6,0.5555555555555556,22,0
23,1-19-26 9:21:03,1-19-26 9:27:11,1-0-00 0:06:08,2002,canada,,female,english,sociology,primary/junior (p/j),,more than $102,less than today,my friend,the same,the stock market brings people who want to buy stocks together with those who want to sell stocks.,he owns a part of firm b,he has lent money to firm b,decreases,rise,No,,"Self-directed online investment platformsÊ(e.g., Questrade, Wealthsimple, Robinhood, Interactive Brokers);",Yes,Yes,6.133333333333334,social sciences,0,1,1,1,1,1,1,1,1,1,1,1.0,1.0,1.0,23,0
24,1-19-26 9:21:11,1-19-26 9:27:16,1-0-00 0:06:05,2001,canada,,male,english,kinesiology,primary/junior (p/j),,more than $102,more than today,my friend,the same,the stock market brings people who want to buy stocks together with those who want to sell stocks.,he owns a part of firm b,do not know,decreases,do not know,Yes,"Advice from family or friends;Recommendations from social media (e.g., TikTok, Instagram, YouTube);Online forums (e.g., X, Reddit, Discord, personal finance communities);Personal research (books, articles, academic papers);Information from financial news/media (e.g., Bloomberg, CNBC);","Bank-affiliated investment platformsÊ(e.g., TD Direct Investing, RBC Direct Investing);Self-directed online investment platformsÊ(e.g., Questrade, Wealthsimple, Robinhood, Interactive Brokers);",Yes,Yes,6.083333333333333,stem & health sciences,0,1,1,0,1,1,1,1,0,1,0,0.75,0.6,0.6666666666666666,24,1
25,1-19-26 9:21:04,1-19-26 9:27:28,1-0-00 0:06:24,2003,canada,,male,english,child and youth care,primary/junior (p/j),,less than $102,more than today,my friend,the same,the stock market helps to predict stock earnings.,do not know,he has lent money to firm b,increases,rise,No,,"Bank-affiliated investment platformsÊ(e.g., TD Direct Investing, RBC Direct Investing);",Yes,Yes,6.4,education & child studies,0,1,0,0,1,1,0,0,1,0,1,0.5,0.4,0.4444444444444444,22,0
26,1-19-26 9:21:14,1-19-26 9:27:29,1-0-00 0:06:15,2003,canada,,female,english,early childhood studies,primary/junior (p/j),,more than $102,do not know,do not know,less than today,the stock market helps to predict stock earnings.,he has lent money to firm b,do not know,do not know,do not know,No,,"Bank-affiliated investment platformsÊ(e.g., TD Direct Investing, RBC Direct Investing);",No,Yes,6.25,education & child studies,0,1,1,0,0,0,0,0,0,0,0,0.25,0.0,0.1111111111111111,22,0
27,1-19-26 9:21:06,1-19-26 9:27:33,1-0-00 0:06:27,1988,canada,,female,english,human biology,primary/junior (p/j),,more than $102,less than today,my friend,the same,the stock market brings people who want to buy stocks together with those who want to sell stocks.,he owns a part of firm b,he has lent money to firm b,decreases,rise,Yes,Advice from a financial advisor;Advice from family or friends;,"Bank-affiliated investment platformsÊ(e.g., TD Direct Investing, RBC Direct Investing);","I already own individual stocks, bonds, mutual funds or index funds.",Yes,6.45,stem & health sciences,0,1,1,1,1,1,1,1,1,1,1,1.0,1.0,1.0,37,1
28,1-19-26 9:21:16,1-19-26 9:27:49,1-0-00 0:06:33,1996,canada,,female,english,child and youth care,primary/junior (p/j),,do not know,do not know,do not know,do not know,do not know,do not know,do not know,do not know,do not know,Refusal,,I do not currently use any investment platforms;,No,Yes,6.55,education & child studies,0,1,0,0,0,0,0,0,0,0,0,0.0,0.0,0.0,29,0
29,1-19-26 9:21:05,1-19-26 9:27:56,1-0-00 0:06:51,1998,ghana,2011,female,english,child development,primary/junior (p/j),,more than $102,do not know,they are equally rich,do not know,the stock market helps to predict stock earnings.,he owns a part of firm b,he owns a part of firm b,decreases,fall,No,,"I do not currently use any investment platforms;Bank-affiliated investment platformsÊ(e.g., TD Direct Investing, RBC Direct Investing);",Yes,Yes,6.85,education & child studies,0,0,1,0,0,0,0,1,0,1,0,0.25,0.4,0.3333333333333333,27,0
30,1-19-26 9:21:23,1-19-26 9:28:00,1-0-00 0:06:37,1994,colombia,2000,male,english,sports management,primary/junior (p/j),,more than $102,less than today,his sibling,less than today,the stock market brings people who want to buy stocks together with those who want to sell stocks.,he owns a part of firm b,he has lent money to firm b,decreases,fall,Yes,"Recommendations from social media (e.g., TikTok, Instagram, YouTube);Online forums (e.g., X, Reddit, Discord, personal finance communities);Information from financial news/media (e.g., Bloomberg, CNBC);Personal research (books, articles, academic papers);","Bank-affiliated investment platformsÊ(e.g., TD Direct Investing, RBC Direct Investing);Self-directed online investment platformsÊ(e.g., Questrade, Wealthsimple, Robinhood, Interactive Brokers);Cryptocurrency trading platformsÊ(e.g., NDAX);",Yes,Yes,6.616666666666666,social sciences,1,0,1,1,0,0,1,1,1,1,0,0.5,0.8,0.6666666666666666,31,1
31,1-19-26 9:21:04,1-19-26 9:28:04,1-0-00 0:07:00,2000,canada,,male,english,social work,primary/junior (p/j),,more than $102,less than today,they are equally rich,the same,none of the above,he owns a part of firm b,he has lent money to firm b,decreases,fall,No,,I do not currently use any investment platforms;,Refusal,Yes,7.0,education & child studies,0,1,1,1,0,1,0,1,1,1,0,0.75,0.6,0.6666666666666666,25,0
32,1-19-26 9:21:06,1-19-26 9:28:07,1-0-00 0:07:01,2003,canada,,female,english,early childhood education,primary/junior (p/j),,more than $102,less than today,his sibling,the same,the stock market brings people who want to buy stocks together with those who want to sell stocks.,he has lent money to firm b,he is liable for firm bõs debts,increases,stay the same,No,,I do not currently use any investment platforms;,Yes,Yes,7.016666666666667,education & child studies,0,1,1,1,0,1,1,0,0,0,0,0.75,0.2,0.4444444444444444,22,0
33,1-19-26 9:21:09,1-19-26 9:28:19,1-0-00 0:07:10,2002,pakistan,2013,male,english,law and society ba,primary/junior (p/j),,do not know,do not know,his sibling,less than today,the stock market results in an increase in the price of stocks.,he owns a part of firm b,none of the above,do not know,fall,No,,"Bank-affiliated investment platformsÊ(e.g., TD Direct Investing, RBC Direct Investing);",No,Yes,7.166666666666667,social sciences,0,0,0,0,0,0,0,1,0,0,0,0.0,0.2,0.1111111111111111,23,0
34,1-19-26 9:21:17,1-19-26 9:28:19,1-0-00 0:07:02,2003,canada,,female,english,political science,primary/junior (p/j),,more than $102,less than today,his sibling,the same,the stock market brings people who want to buy stocks together with those who want to sell stocks.,none of the above,do not know,decreases,do not know,No,,I do not currently use any investment platforms;,No,Yes,7.033333333333333,stem & health sciences,0,1,1,1,0,1,1,0,0,1,0,0.75,0.4,0.5555555555555556,22,0
35,1-19-26 9:21:10,1-19-26 9:28:21,1-0-00 0:07:11,2000,united states,2019,female,english,environmental studies,primary/junior (p/j),,more than $102,less than today,my friend,the same,the stock market brings people who want to buy stocks together with those who want to sell stocks.,he owns a part of firm b,he has lent money to firm b,decreases,do not know,No,,I do not currently use any investment platforms;,Yes,Yes,7.183333333333334,social sciences,0,0,1,1,1,1,1,1,1,1,0,1.0,0.8,0.8888888888888888,25,0
37,1-19-26 9:21:05,1-19-26 9:28:32,1-0-00 0:07:27,2001,canada,,female,english,public health,primary/junior (p/j),,more than $102,do not know,they are equally rich,the same,the stock market brings people who want to buy stocks together with those who want to sell stocks.,he owns a part of firm b,he is liable for firm bõs debts,increases,fall,No,,I do not currently use any investment platforms;,No,Yes,7.45,stem & health sciences,0,1,1,0,0,1,1,1,0,0,0,0.5,0.4,0.4444444444444444,24,0
38,1-19-26 9:21:13,1-19-26 9:28:46,1-0-00 0:07:33,1990,china,2013,female,mandarin,psychology,primary/junior (p/j),,more than $102,less than today,my friend,less than today,the stock market brings people who want to buy stocks together with those who want to sell stocks.,he is liable for firm bõs debts,he owns a part of firm b,decreases,fall,Refusal,,"Self-directed online investment platformsÊ(e.g., Questrade, Wealthsimple, Robinhood, Interactive Brokers);Bank-affiliated investment platformsÊ(e.g., TD Direct Investing, RBC Direct Investing);",Refusal,Yes,7.55,social sciences,0,0,1,1,1,0,1,0,0,1,0,0.75,0.4,0.5555555555555556,35,0
39,1-19-26 9:21:07,1-19-26 9:28:48,1-0-00 0:07:41,2001,canada,,female,english,human rights,primary/junior (p/j),,more than $102,more than today,my friend,the same,the stock market helps to predict stock earnings.,he owns a part of firm b,do not know,decreases,do not know,Yes,"Advice from family or friends;Personal research (books, articles, academic papers);","Self-directed online investment platformsÊ(e.g., Questrade, Wealthsimple, Robinhood, Interactive Brokers);Bank-affiliated investment platformsÊ(e.g., TD Direct Investing, RBC Direct Investing);",Yes,Yes,7.683333333333334,social sciences,0,1,1,0,1,1,0,1,0,1,0,0.75,0.4,0.5555555555555556,24,1
40,1-19-26 9:21:13,1-19-26 9:28:53,1-0-00 0:07:40,2003,china,2021,male,mandarin,educational study,primary/junior (p/j),,more than $102,less than today,my friend,the same,the stock market brings people who want to buy stocks together with those who want to sell stocks.,he owns a part of firm b,he is liable for firm bõs debts,decreases,fall,No,,I do not currently use any investment platforms;,No,Yes,7.666666666666667,education & child studies,0,0,1,1,1,1,1,1,0,1,0,1.0,0.6,0.7777777777777778,22,0
41,1-19-26 9:21:06,1-19-26 9:29:05,1-0-00 0:07:59,2003,canada,,female,english,dance,primary/junior (p/j),,more than $102,do not know,they are equally rich,the same,the stock market helps to predict stock earnings.,he owns a part of firm b,he owns a part of firm b,decreases,do not know,No,,I do not currently use any investment platforms;,Refusal,Yes,7.983333333333333,"arts, design & media",0,1,1,0,0,1,0,1,0,1,0,0.5,0.4,0.4444444444444444,22,0
42,1-19-26 9:21:06,1-19-26 9:29:06,1-0-00 0:08:00,2001,canada,,female,english,child and youth care,primary/junior (p/j),,more than $102,do not know,they are equally rich,the same,the stock market brings people who want to buy stocks together with those who want to sell stocks.,do not know,do not know,increases,fall,No,,I do not currently use any investment platforms;,No,Yes,8.0,education & child studies,0,1,1,0,0,1,1,0,0,0,0,0.5,0.2,0.3333333333333333,24,0
43,1-19-26 9:21:17,1-19-26 9:29:25,1-0-00 0:08:08,1991,canada,,male,english,bachelors of indigenous social work,primary/junior (p/j),,more than $102,more than today,they are equally rich,the same,the stock market helps to predict stock earnings.,he owns a part of firm b,do not know,increases,do not know,Yes,Advice from a financial advisor;Advice from family or friends;,"Self-directed online investment platformsÊ(e.g., Questrade, Wealthsimple, Robinhood, Interactive Brokers);Bank-affiliated investment platformsÊ(e.g., TD Direct Investing, RBC Direct Investing);","I already own individual stocks, bonds, mutual funds or index funds.",Yes,8.133333333333333,education & child studies,0,1,1,0,0,1,0,1,0,0,0,0.5,0.2,0.3333333333333333,34,1
44,1-19-26 9:21:31,1-19-26 9:30:17,1-0-00 0:08:46,2003,canada,,female,english,educational studies,primary/junior (p/j),,more than $102,do not know,they are equally rich,more than today,do not know,he owns a part of firm b,he has lent money to firm b,increases,fall,Yes,Advice from a financial advisor;,"Bank-affiliated investment platformsÊ(e.g., TD Direct Investing, RBC Direct Investing);",Yes,Yes,8.766666666666667,education & child studies,0,1,1,0,0,0,0,1,1,0,0,0.25,0.4,0.3333333333333333,22,1
45,1-19-26 9:21:07,1-19-26 9:30:20,1-0-00 0:09:13,1990,canada,,female,english,early childhood studies,primary/junior (p/j),,more than $102,less than today,do not know,the same,the stock market helps to predict stock earnings.,he owns a part of firm b,he has lent money to firm b,decreases,rise,Refusal,,"Self-directed online investment platformsÊ(e.g., Questrade, Wealthsimple, Robinhood, Interactive Brokers);",Yes,Yes,9.216666666666667,education & child studies,0,1,1,1,0,1,0,1,1,1,1,0.75,0.8,0.7777777777777778,35,0
46,1-19-26 9:21:16,1-19-26 9:30:22,1-0-00 0:09:06,1982,saudi arabia,1990,female,english,nursing,primary/junior (p/j),,more than $102,less than today,my friend,the same,the stock market brings people who want to buy stocks together with those who want to sell stocks.,he owns a part of firm b,do not know,stays the same,do not know,No,,I do not currently use any investment platforms;,No,Yes,9.1,stem & health sciences,0,0,1,1,1,1,1,1,0,0,0,1.0,0.4,0.6666666666666666,43,0
47,1-19-26 9:21:12,1-19-26 9:30:39,1-0-00 0:09:27,2001,china,2015,female,mandarin,psychology,primary/junior (p/j),,more than $102,less than today,my friend,the same,the stock market brings people who want to buy stocks together with those who want to sell stocks.,he owns a part of firm b,he has lent money to firm b,decreases,rise,Yes,Advice from family or friends;Trading platforms' resources (e.g. Blossom App);Advice from a financial advisor;,"Self-directed online investment platformsÊ(e.g., Questrade, Wealthsimple, Robinhood, Interactive Brokers);",Yes,Yes,9.45,social sciences,0,0,1,1,1,1,1,1,1,1,1,1.0,1.0,1.0,24,1
49,1-19-26 9:24:11,1-19-26 9:31:10,1-0-00 0:06:59,1985,nigeria,2017,female,english,engineering,primary/junior (p/j),,more than $102,less than today,his sibling,less than today,the stock market brings people who want to buy stocks together with those who want to sell stocks.,he owns a part of firm b,he owns a part of firm b,increases,fall,No,,"Bank-affiliated investment platformsÊ(e.g., TD Direct Investing, RBC Direct Investing);",Yes,Yes,6.983333333333333,stem & health sciences,0,0,1,1,0,0,1,1,0,0,0,0.5,0.4,0.4444444444444444,40,0
51,1-19-26 9:30:55,1-19-26 9:35:44,1-0-00 0:04:49,2001,canada,,female,somali,information technology,primary/junior (p/j),,more than $102,less than today,my friend,the same,the stock market brings people who want to buy stocks together with those who want to sell stocks.,he owns a part of firm b,he is liable for firm bõs debts,decreases,rise,No,,I do not currently use any investment platforms;,Refusal,Yes,4.816666666666666,stem & health sciences,0,1,1,1,1,1,1,1,0,1,1,1.0,0.8,0.8888888888888888,24,0
54,1-19-26 9:48:24,1-19-26 9:55:10,1-0-00 0:06:46,1993,canada,,female,english,psychology,primary/junior (p/j),,more than $102,more than today,they are equally rich,the same,the stock market helps to predict stock earnings.,he owns a part of firm b,he has lent money to firm b,increases,fall,No,,"Self-directed online investment platformsÊ(e.g., Questrade, Wealthsimple, Robinhood, Interactive Brokers);",No,Yes,6.766666666666667,social sciences,0,1,1,0,0,1,0,1,1,0,0,0.5,0.4,0.4444444444444444,32,0
55,1-19-26 9:25:56,1-19-26 11:59:49,1-0-00 2:33:53,1982,malawi,2023,male,english,geography,primary/junior (p/j),,more than $102,do not know,my friend,the same,do not know,he owns a part of firm b,do not know,decreases,do not know,No,,I do not currently use any investment platforms;,No,Yes,153.88333333333333,social sciences,0,0,1,0,1,1,0,1,0,1,0,0.75,0.4,0.5555555555555556,43,0
56,1-19-26 13:44:31,1-19-26 13:48:51,1-0-00 0:04:20,1988,canada,,female,english,history and political science,junior/intermediate (j/i),history,more than $102,less than today,my friend,less than today,the stock market helps to predict stock earnings.,none of the above,he has lent money to firm b,decreases,rise,Yes,Advice from a financial advisor;,"Bank-affiliated investment platformsÊ(e.g., TD Direct Investing, RBC Direct Investing);",Yes,Yes,4.333333333333333,stem & health sciences,0,1,1,1,1,0,0,0,1,1,1,0.75,0.6,0.6666666666666666,37,1
57,1-19-26 13:46:07,1-19-26 13:49:23,1-0-00 0:03:16,2002,canada,,male,english,urban planning,junior/intermediate (j/i),geography,do not know,less than today,his sibling,more than today,the stock market results in an increase in the price of stocks.,he owns a part of firm b,he has lent money to firm b,increases,fall,Yes,Advice from family or friends;,"Self-directed online investment platformsÊ(e.g., Questrade, Wealthsimple, Robinhood, Interactive Brokers);",Yes,Yes,3.2666666666666666,social sciences,0,1,0,1,0,0,0,1,1,0,0,0.25,0.4,0.3333333333333333,23,1
58,1-19-26 13:44:16,1-19-26 13:49:36,1-0-00 0:05:20,2003,canada,,male,english,kinesiology,junior/intermediate (j/i),health and physical education,less than $102,less than today,they are equally rich,the same,the stock market brings people who want to buy stocks together with those who want to sell stocks.,he owns a part of firm b,do not know,do not know,do not know,Yes,"Advice from family or friends;Recommendations from social media (e.g., TikTok, Instagram, YouTube);Online forums (e.g., X, Reddit, Discord, personal finance communities);Trading platforms' resources (e.g. Blossom App);Automated tools/ChatGPT;","Self-directed online investment platformsÊ(e.g., Questrade, Wealthsimple, Robinhood, Interactive Brokers);Cryptocurrency trading platformsÊ(e.g., NDAX);",Yes,Yes,5.333333333333333,stem & health sciences,0,1,0,1,0,1,1,1,0,0,0,0.5,0.4,0.4444444444444444,22,1
59,1-19-26 13:44:20,1-19-26 13:49:39,1-0-00 0:05:19,2003,canada,,female,english,music,junior/intermediate (j/i),music vocal,more than $102,do not know,do not know,the same,the stock market helps to predict stock earnings.,he has lent money to firm b,he owns a part of firm b,increases,do not know,No,,"Bank-affiliated investment platformsÊ(e.g., TD Direct Investing, RBC Direct Investing);",No,Yes,5.316666666666666,"arts, design & media",0,1,1,0,0,1,0,0,0,0,0,0.5,0.0,0.2222222222222222,22,0
60,1-19-26 13:44:21,1-19-26 13:49:42,1-0-00 0:05:21,2003,canada,,female,english,history and gender studies,junior/intermediate (j/i),history,do not know,do not know,his sibling,less than today,the stock market brings people who want to buy stocks together with those who want to sell stocks.,he owns a part of firm b,he has lent money to firm b,do not know,do not know,No,,I do not currently use any investment platforms;,No,Yes,5.35,humanities & languages,0,1,0,0,0,0,1,1,1,0,0,0.0,0.6,0.3333333333333333,22,0
61,1-19-26 13:45:14,1-19-26 13:49:44,1-0-00 0:04:30,2002,united states,2004,non binary,english,english,junior/intermediate (j/i),english (first language),more than $102,more than today,his sibling,the same,the stock market results in an increase in the price of stocks.,he owns a part of firm b,do not know,decreases,do not know,No,,"Bank-affiliated investment platformsÊ(e.g., TD Direct Investing, RBC Direct Investing);",No,Yes,4.5,humanities & languages,0,0,1,0,0,1,0,1,0,1,0,0.5,0.4,0.4444444444444444,23,0
62,1-19-26 13:44:21,1-19-26 13:49:47,1-0-00 0:05:26,1997,chile,2016,female,english,painting and design,junior/intermediate (j/i),visual arts,do not know,do not know,my friend,do not know,do not know,he owns a part of firm b,do not know,do not know,fall,No,,"Bank-affiliated investment platformsÊ(e.g., TD Direct Investing, RBC Direct Investing);",Yes,Yes,5.433333333333334,"arts, design & media",0,0,0,0,1,0,0,1,0,0,0,0.25,0.2,0.2222222222222222,28,0
63,1-19-26 13:44:24,1-19-26 13:49:57,1-0-00 0:05:33,2003,canada,,female,english,human biology and immunology,junior/intermediate (j/i),science general,more than $102,do not know,they are equally rich,less than today,do not know,none of the above,do not know,decreases,do not know,No,,I do not currently use any investment platforms;,Refusal,Yes,5.55,stem & health sciences,0,1,1,0,0,0,0,0,0,1,0,0.25,0.2,0.2222222222222222,22,0
64,1-19-26 13:44:28,1-19-26 13:50:06,1-0-00 0:05:38,1979,canada,,male,english,education,junior/intermediate (j/i),health and physical education,more than $102,less than today,my friend,the same,the stock market brings people who want to buy stocks together with those who want to sell stocks.,he owns a part of firm b,he has lent money to firm b,decreases,fall,No,,I do not currently use any investment platforms;,No,Yes,5.633333333333334,education & child studies,0,1,1,1,1,1,1,1,1,1,0,1.0,0.8,0.8888888888888888,46,0
65,1-19-26 13:44:35,1-19-26 13:50:11,1-0-00 0:05:36,2000,venezuela,2012,female,english,political science and history,junior/intermediate (j/i),history,more than $102,more than today,his sibling,more than today,do not know,he owns a part of firm b,he has lent money to firm b,do not know,do not know,No,,I do not currently use any investment platforms;,Yes,Yes,5.6,stem & health sciences,0,0,1,0,0,0,0,1,1,0,0,0.25,0.4,0.3333333333333333,25,0
66,1-19-26 13:44:30,1-19-26 13:50:12,1-0-00 0:05:42,2003,canada,,female,english,kinesiology and physical education,junior/intermediate (j/i),health and physical education,more than $102,less than today,his sibling,the same,the stock market brings people who want to buy stocks together with those who want to sell stocks.,he owns a part of firm b,he is liable for firm bõs debts,increases,fall,No,,"Self-directed online investment platformsÊ(e.g., Questrade, Wealthsimple, Robinhood, Interactive Brokers);Bank-affiliated investment platformsÊ(e.g., TD Direct Investing, RBC Direct Investing);",Yes,Yes,5.7,stem & health sciences,0,1,1,1,0,1,1,1,0,0,0,0.75,0.4,0.5555555555555556,22,0
67,1-19-26 13:44:19,1-19-26 13:50:14,1-0-00 0:05:55,2002,canada,,male,english,film,junior/intermediate (j/i),history,more than $102,less than today,my friend,less than today,the stock market results in an increase in the price of stocks.,he owns a part of firm b,do not know,increases,do not know,Yes,Advice from family or friends;,"Self-directed online investment platformsÊ(e.g., Questrade, Wealthsimple, Robinhood, Interactive Brokers);",Yes,Yes,5.916666666666667,"arts, design & media",0,1,1,1,1,0,0,1,0,0,0,0.75,0.2,0.4444444444444444,23,1
68,1-19-26 13:44:17,1-19-26 13:50:23,1-0-00 0:06:06,2003,canada,,female,english,biology,junior/intermediate (j/i),science general,more than $102,less than today,they are equally rich,the same,the stock market brings people who want to buy stocks together with those who want to sell stocks.,he owns a part of firm b,he has lent money to firm b,decreases,stay the same,Yes,Advice from family or friends;Trading platforms' resources (e.g. Blossom App);Automated tools/ChatGPT;,"Self-directed online investment platformsÊ(e.g., Questrade, Wealthsimple, Robinhood, Interactive Brokers);",Yes,Yes,6.1,stem & health sciences,0,1,1,1,0,1,1,1,1,1,0,0.75,0.8,0.7777777777777778,22,1
70,1-19-26 13:44:24,1-19-26 13:50:52,1-0-00 0:06:28,1997,canada,,female,english,music,junior/intermediate (j/i),music - instrumental,more than $102,less than today,my friend,the same,the stock market helps to predict stock earnings.,he owns a part of firm b,do not know,decreases,do not know,No,,"Self-directed online investment platformsÊ(e.g., Questrade, Wealthsimple, Robinhood, Interactive Brokers);",Yes,Yes,6.466666666666667,"arts, design & media",0,1,1,1,1,1,0,1,0,1,0,1.0,0.4,0.6666666666666666,28,0
71,1-19-26 13:44:16,1-19-26 13:51:02,1-0-00 0:06:46,1998,canada,,female,english,french and italian second language teaching and learning,junior/intermediate (j/i),french (second language),more than $102,do not know,my friend,the same,none of the above,he owns a part of firm b,do not know,increases,do not know,Yes,Advice from family or friends;,"Bank-affiliated investment platformsÊ(e.g., TD Direct Investing, RBC Direct Investing);","I already own individual stocks, bonds, mutual funds or index funds.",Yes,6.766666666666667,humanities & languages,0,1,1,0,1,1,0,1,0,0,0,0.75,0.2,0.4444444444444444,27,1
72,1-19-26 13:45:17,1-19-26 13:51:13,1-0-00 0:05:56,1996,nigeria,2024,female,english,history,junior/intermediate (j/i),history,more than $102,less than today,my friend,less than today,the stock market helps to predict stock earnings.,he is liable for firm bõs debts,he owns a part of firm b,do not know,there is no clear correlation,Refusal,,"Bank-affiliated investment platformsÊ(e.g., TD Direct Investing, RBC Direct Investing);",Refusal,Yes,5.933333333333334,humanities & languages,0,0,1,1,1,0,0,0,0,0,0,0.75,0.0,0.3333333333333333,29,0
73,1-19-26 13:44:25,1-19-26 13:51:23,1-0-00 0:06:58,1999,canada,,female,english,child and youth work,junior/intermediate (j/i),english (first language),more than $102,less than today,his sibling,the same,the stock market brings people who want to buy stocks together with those who want to sell stocks.,he owns a part of firm b,do not know,decreases,do not know,Yes,"Online forums (e.g., X, Reddit, Discord, personal finance communities);Information from financial news/media (e.g., Bloomberg, CNBC);Personal research (books, articles, academic papers);Trading platforms' resources (e.g. Blossom App);Automated tools/ChatGPT;Recommendations from social media (e.g., TikTok, Instagram, YouTube);Advice from a financial advisor;Advice from family or friends;data research, long term stock trends;","Self-directed online investment platformsÊ(e.g., Questrade, Wealthsimple, Robinhood, Interactive Brokers);",Yes,Yes,6.966666666666667,education & child studies,0,1,1,1,0,1,1,1,0,1,0,0.75,0.6,0.6666666666666666,26,1
74,1-19-26 13:44:22,1-19-26 13:51:31,1-0-00 0:07:09,1982,pakistan,2025,female,english,computer science,junior/intermediate (j/i),mathematics,more than $102,less than today,my friend,more than today,the stock market brings people who want to buy stocks together with those who want to sell stocks.,he owns a part of firm b,he owns a part of firm b,decreases,do not know,Refusal,,"Bank-affiliated investment platformsÊ(e.g., TD Direct Investing, RBC Direct Investing);",Yes,Yes,7.15,stem & health sciences,0,0,1,1,1,0,1,1,0,1,0,0.75,0.6,0.6666666666666666,43,0
75,1-19-26 13:44:29,1-19-26 13:51:40,1-0-00 0:07:11,2001,canada,,male,english,finance,junior/intermediate (j/i),mathematics,more than $102,less than today,do not know,the same,the stock market brings people who want to buy stocks together with those who want to sell stocks.,he owns a part of firm b,he has lent money to firm b,decreases,rise,Yes,"Personal research (books, articles, academic papers);Advice from family or friends;","Self-directed online investment platformsÊ(e.g., Questrade, Wealthsimple, Robinhood, Interactive Brokers);Cryptocurrency trading platformsÊ(e.g., NDAX);","I already own individual stocks, bonds, mutual funds or index funds.",Yes,7.183333333333334,social sciences,1,1,1,1,0,1,1,1,1,1,1,0.75,1.0,0.8888888888888888,24,1
76,1-19-26 13:44:38,1-19-26 13:51:40,1-0-00 0:07:02,2003,canada,,female,english,history,junior/intermediate (j/i),history,more than $102,less than today,my friend,the same,do not know,do not know,do not know,do not know,do not know,Yes,Advice from a financial advisor;,"Bank-affiliated investment platformsÊ(e.g., TD Direct Investing, RBC Direct Investing);",Yes,Yes,7.033333333333333,humanities & languages,0,1,1,1,1,1,0,0,0,0,0,1.0,0.0,0.4444444444444444,22,1
77,1-19-26 13:45:28,1-19-26 13:51:50,1-0-00 0:06:22,2000,canada,,male,english,bachelor of music,junior/intermediate (j/i),music - instrumental,more than $102,less than today,his sibling,the same,the stock market helps to predict stock earnings.,he has lent money to firm b,he owns a part of firm b,decreases,rise,Yes,"Advice from a financial advisor;Advice from family or friends;Personal research (books, articles, academic papers);","Bank-affiliated investment platformsÊ(e.g., TD Direct Investing, RBC Direct Investing);",Yes,Yes,6.366666666666666,"arts, design & media",0,1,1,1,0,1,0,0,0,1,1,0.75,0.4,0.5555555555555556,25,1
78,1-19-26 13:44:18,1-19-26 13:51:51,1-0-00 0:07:33,2003,canada,,female,english,"justice, political philosophy, and law",junior/intermediate (j/i),english (first language),more than $102,less than today,do not know,the same,the stock market brings people who want to buy stocks together with those who want to sell stocks.,he owns a part of firm b,he has lent money to firm b,decreases,rise,No,,I do not currently use any investment platforms;,Refusal,Yes,7.55,social sciences,0,1,1,1,0,1,1,1,1,1,1,0.75,1.0,0.8888888888888888,22,0
79,1-19-26 13:44:26,1-19-26 13:51:57,1-0-00 0:07:31,2003,canada,,female,english,dance,junior/intermediate (j/i),dramatic arts,more than $102,less than today,his sibling,the same,do not know,do not know,do not know,do not know,do not know,No,,"Bank-affiliated investment platformsÊ(e.g., TD Direct Investing, RBC Direct Investing);",Yes,Yes,7.516666666666667,"arts, design & media",0,1,1,1,0,1,0,0,0,0,0,0.75,0.0,0.3333333333333333,22,0
80,1-19-26 13:44:24,1-19-26 13:51:59,1-0-00 0:07:35,2002,united arab emirates,2016,male,english,mathematics,junior/intermediate (j/i),mathematics,more than $102,less than today,my friend,the same,the stock market brings people who want to buy stocks together with those who want to sell stocks.,he owns a part of firm b,he has lent money to firm b,decreases,rise,No,,I do not currently use any investment platforms;,Yes,Yes,7.583333333333333,stem & health sciences,0,0,1,1,1,1,1,1,1,1,1,1.0,1.0,1.0,23,0
81,1-19-26 13:44:39,1-19-26 13:52:10,1-0-00 0:07:31,1986,canada,,male,english,journalism,junior/intermediate (j/i),history,more than $102,less than today,do not know,more than today,the stock market brings people who want to buy stocks together with those who want to sell stocks.,he owns a part of firm b,he has lent money to firm b,decreases,there is no clear correlation,Yes,Advice from a financial advisor;,"Bank-affiliated investment platformsÊ(e.g., TD Direct Investing, RBC Direct Investing);","I already own individual stocks, bonds, mutual funds or index funds.",Yes,7.516666666666667,"arts, design & media",0,1,1,1,0,0,1,1,1,1,0,0.5,0.8,0.6666666666666666,39,1
82,1-19-26 13:44:32,1-19-26 13:52:12,1-0-00 0:07:40,1994,canada,,male,english,music education,junior/intermediate (j/i),music - instrumental,more than $102,less than today,his sibling,the same,the stock market helps to predict stock earnings.,he has lent money to firm b,he owns a part of firm b,decreases,rise,No,,I do not currently use any investment platforms;,No,Yes,7.666666666666667,education & child studies,0,1,1,1,0,1,0,0,0,1,1,0.75,0.4,0.5555555555555556,31,0
83,1-19-26 13:44:18,1-19-26 13:52:13,1-0-00 0:07:55,1997,china,2013,female,english,graphic design,junior/intermediate (j/i),visual arts,more than $102,less than today,my friend,less than today,the stock market brings people who want to buy stocks together with those who want to sell stocks.,he owns a part of firm b,he has lent money to firm b,decreases,rise,Yes,"Online forums (e.g., X, Reddit, Discord, personal finance communities);Personal research (books, articles, academic papers);Trading platforms' resources (e.g. Blossom App);Automated tools/ChatGPT;","Self-directed online investment platformsÊ(e.g., Questrade, Wealthsimple, Robinhood, Interactive Brokers);",Yes,Yes,7.916666666666667,"arts, design & media",0,0,1,1,1,0,1,1,1,1,1,0.75,1.0,0.8888888888888888,28,1
84,1-19-26 13:44:30,1-19-26 13:52:14,1-0-00 0:07:44,1998,cayman islands,2017,female,english,film and media,junior/intermediate (j/i),dramatic arts,more than $102,less than today,my friend,the same,the stock market helps to predict stock earnings.,he owns a part of firm b,he has lent money to firm b,stays the same,stay the same,No,,I do not currently use any investment platforms;,Yes,Yes,7.733333333333333,"arts, design & media",0,0,1,1,1,1,0,1,1,0,0,1.0,0.4,0.6666666666666666,27,0
85,1-19-26 13:44:20,1-19-26 13:52:15,1-0-00 0:07:55,2003,canada,,female,english,polisci,junior/intermediate (j/i),french (second language),more than $102,exactly the same,refusal,the same,the stock market brings people who want to buy stocks together with those who want to sell stocks.,he owns a part of firm b,do not know,increases,do not know,No,,"Self-directed online investment platformsÊ(e.g., Questrade, Wealthsimple, Robinhood, Interactive Brokers);Bank-affiliated investment platformsÊ(e.g., TD Direct Investing, RBC Direct Investing);",Yes,Yes,7.916666666666667,social sciences,0,1,1,0,0,1,1,1,0,0,0,0.5,0.4,0.4444444444444444,22,0
86,1-19-26 13:44:22,1-19-26 13:52:24,1-0-00 0:08:02,2002,canada,,female,english,english and anthropology,junior/intermediate (j/i),english (first language),more than $102,more than today,his sibling,less than today,the stock market results in an increase in the price of stocks.,he owns a part of firm b,he has lent money to firm b,decreases,do not know,No,,"Bank-affiliated investment platformsÊ(e.g., TD Direct Investing, RBC Direct Investing);",Yes,Yes,8.033333333333333,social sciences,0,1,1,0,0,0,0,1,1,1,0,0.25,0.6,0.4444444444444444,23,0
88,1-19-26 13:44:25,1-19-26 13:52:41,1-0-00 0:08:16,2003,canada,,female,english,eduction,junior/intermediate (j/i),english (first language),more than $102,less than today,his sibling,more than today,the stock market brings people who want to buy stocks together with those who want to sell stocks.,he owns a part of firm b,he has lent money to firm b,decreases,rise,No,,"Self-directed online investment platformsÊ(e.g., Questrade, Wealthsimple, Robinhood, Interactive Brokers);Bank-affiliated investment platformsÊ(e.g., TD Direct Investing, RBC Direct Investing);",Yes,Yes,8.266666666666667,social sciences,0,1,1,1,0,0,1,1,1,1,1,0.5,1.0,0.7777777777777778,22,0
89,1-19-26 13:44:22,1-19-26 13:52:41,1-0-00 0:08:19,2003,china,2005,female,english,immunology,junior/intermediate (j/i),science general,more than $102,less than today,my friend,the same,the stock market brings people who want to buy stocks together with those who want to sell stocks.,do not know,do not know,decreases,do not know,Yes,Advice from a financial advisor;,I do not currently use any investment platforms;,"I already own individual stocks, bonds, mutual funds or index funds.",Yes,8.316666666666666,stem & health sciences,0,0,1,1,1,1,1,0,0,1,0,1.0,0.4,0.6666666666666666,22,1
90,1-19-26 13:44:23,1-19-26 13:52:42,1-0-00 0:08:19,2000,canada,,male,english,kinesiology and health sciences,junior/intermediate (j/i),health and physical education,more than $102,more than today,his sibling,the same,none of the above,none of the above,he has lent money to firm b,decreases,rise,No,,"Bank-affiliated investment platformsÊ(e.g., TD Direct Investing, RBC Direct Investing);",Yes,Yes,8.316666666666666,stem & health sciences,0,1,1,0,0,1,0,0,1,1,1,0.5,0.6,0.5555555555555556,25,0
91,1-19-26 13:44:16,1-19-26 13:52:56,1-0-00 0:08:40,2002,china,2012,female,english,illustration,junior/intermediate (j/i),visual arts,more than $102,more than today,my friend,less than today,the stock market brings people who want to buy stocks together with those who want to sell stocks.,he has lent money to firm b,he has lent money to firm b,do not know,fall,No,,"Bank-affiliated investment platformsÊ(e.g., TD Direct Investing, RBC Direct Investing);",No,Yes,8.666666666666666,"arts, design & media",0,0,1,0,1,0,1,0,1,0,0,0.5,0.4,0.4444444444444444,23,0
92,1-19-26 13:45:11,1-19-26 13:53:00,1-0-00 0:07:49,2003,canada,,female,english,human biology and health studies,junior/intermediate (j/i),science general,more than $102,more than today,they are equally rich,the same,the stock market results in an increase in the price of stocks.,he owns a part of firm b,he has lent money to firm b,increases,fall,Yes,Advice from family or friends;,"Self-directed online investment platformsÊ(e.g., Questrade, Wealthsimple, Robinhood, Interactive Brokers);",Yes,Yes,7.816666666666666,stem & health sciences,0,1,1,0,0,1,0,1,1,0,0,0.5,0.4,0.4444444444444444,22,1
93,1-19-26 13:44:31,1-19-26 13:53:07,1-0-00 0:08:36,2003,united states,2021,female,english,psychology,junior/intermediate (j/i),english (first language),more than $102,less than today,they are equally rich,less than today,the stock market brings people who want to buy stocks together with those who want to sell stocks.,he owns a part of firm b,he is liable for firm bõs debts,decreases,fall,No,,I do not currently use any investment platforms;,Yes,Yes,8.6,social sciences,0,0,1,1,0,0,1,1,0,1,0,0.5,0.6,0.5555555555555556,22,0
94,1-19-26 13:44:16,1-19-26 13:53:13,1-0-00 0:08:57,1989,india,2022,male,english,french as fsl,junior/intermediate (j/i),french (second language),more than $102,less than today,my friend,the same,the stock market helps to predict stock earnings.,he owns a part of firm b,do not know,decreases,rise,Yes,Advice from a financial advisor;,"Bank-affiliated investment platformsÊ(e.g., TD Direct Investing, RBC Direct Investing);",Yes,Yes,8.95,humanities & languages,0,0,1,1,1,1,0,1,0,1,1,1.0,0.6,0.7777777777777778,36,1
95,1-19-26 13:44:19,1-19-26 13:53:27,1-0-00 0:09:08,2001,canada,,female,english,educational studies,junior/intermediate (j/i),english (first language),more than $102,do not know,my friend,the same,the stock market brings people who want to buy stocks together with those who want to sell stocks.,he owns a part of firm b,he has lent money to firm b,decreases,fall,No,,I do not currently use any investment platforms;,Yes,Yes,9.133333333333333,education & child studies,0,1,1,0,1,1,1,1,1,1,0,0.75,0.8,0.7777777777777778,24,0
96,1-19-26 13:44:18,1-19-26 13:53:41,1-0-00 0:09:23,2002,canada,,male,english,music - vocal,junior/intermediate (j/i),music vocal,more than $102,less than today,my friend,the same,the stock market helps to predict stock earnings.,he owns a part of firm b,he has lent money to firm b,increases,fall,No,,"Self-directed online investment platformsÊ(e.g., Questrade, Wealthsimple, Robinhood, Interactive Brokers);",Yes,Yes,9.383333333333333,"arts, design & media",0,1,1,1,1,1,0,1,1,0,0,1.0,0.4,0.6666666666666666,23,0
97,1-19-26 13:44:19,1-19-26 13:53:55,1-0-00 0:09:36,1998,canada,,female,english,political science,junior/intermediate (j/i),english (first language),refusal,refusal,my friend,the same,the stock market brings people who want to buy stocks together with those who want to sell stocks.,refusal,refusal,refusal,refusal,Refusal,,I do not currently use any investment platforms;,Refusal,Yes,9.6,stem & health sciences,0,1,0,0,1,1,1,0,0,0,0,0.5,0.2,0.3333333333333333,27,0
98,1-19-26 13:44:24,1-19-26 13:53:56,1-0-00 0:09:32,2002,united states,2007,female,english,french,junior/intermediate (j/i),french (second language),more than $102,less than today,my friend,the same,do not know,he owns a part of firm b,do not know,decreases,fall,Yes,Advice from family or friends;,"Self-directed online investment platformsÊ(e.g., Questrade, Wealthsimple, Robinhood, Interactive Brokers);",Yes,Yes,9.533333333333333,humanities & languages,0,0,1,1,1,1,0,1,0,1,0,1.0,0.4,0.6666666666666666,23,1
99,1-19-26 13:44:45,1-19-26 13:54:01,1-0-00 0:09:16,2000,canada,,male,english,kinesiology,junior/intermediate (j/i),health and physical education,more than $102,less than today,my friend,more than today,the stock market brings people who want to buy stocks together with those who want to sell stocks.,he owns a part of firm b,he has lent money to firm b,decreases,rise,No,,I do not currently use any investment platforms;,No,Yes,9.266666666666667,stem & health sciences,0,1,1,1,1,0,1,1,1,1,1,0.75,1.0,0.8888888888888888,25,0
100,1-19-26 13:44:34,1-19-26 13:54:01,1-0-00 0:09:27,2001,canada,,male,english,statistics and economics,junior/intermediate (j/i),mathematics,more than $102,less than today,my friend,the same,the stock market brings people who want to buy stocks together with those who want to sell stocks.,he owns a part of firm b,he has lent money to firm b,decreases,rise,Yes,"Advice from family or friends;Recommendations from social media (e.g., TikTok, Instagram, YouTube);","Self-directed online investment platformsÊ(e.g., Questrade, Wealthsimple, Robinhood, Interactive Brokers);","I already own individual stocks, bonds, mutual funds or index funds.",Yes,9.45,social sciences,1,1,1,1,1,1,1,1,1,1,1,1.0,1.0,1.0,24,1
101,1-19-26 13:44:26,1-19-26 13:54:14,1-0-00 0:09:48,1997,canada,,female,english,biology,junior/intermediate (j/i),science general,more than $102,less than today,my friend,the same,the stock market brings people who want to buy stocks together with those who want to sell stocks.,he owns a part of firm b,he has lent money to firm b,decreases,there is no clear correlation,Yes,"Advice from family or friends;Information from financial news/media (e.g., Bloomberg, CNBC);Personal research (books, articles, academic papers);Trading platforms' resources (e.g. Blossom App);Online forums (e.g., X, Reddit, Discord, personal finance communities);","Self-directed online investment platformsÊ(e.g., Questrade, Wealthsimple, Robinhood, Interactive Brokers);Bank-affiliated investment platformsÊ(e.g., TD Direct Investing, RBC Direct Investing);","I already own individual stocks, bonds, mutual funds or index funds.",Yes,9.8,stem & health sciences,0,1,1,1,1,1,1,1,1,1,0,1.0,0.8,0.8888888888888888,28,1
102,1-19-26 13:45:11,1-19-26 13:54:20,1-0-00 0:09:09,1995,canada,,female,english,chemistry,junior/intermediate (j/i),science general,more than $102,less than today,my friend,the same,none of the above,he owns a part of firm b,he has lent money to firm b,decreases,stay the same,Yes,Trading platforms' resources (e.g. Blossom App);,"Self-directed online investment platformsÊ(e.g., Questrade, Wealthsimple, Robinhood, Interactive Brokers);","I already own individual stocks, bonds, mutual funds or index funds.",Yes,9.15,stem & health sciences,0,1,1,1,1,1,0,1,1,1,0,1.0,0.6,0.7777777777777778,30,1
103,1-19-26 13:44:21,1-19-26 13:54:21,1-0-00 0:10:00,2002,canada,,female,english,music - violin performance,junior/intermediate (j/i),music - instrumental,more than $102,do not know,they are equally rich,the same,none of the above,he owns a part of firm b,he owns a part of firm b,decreases,fall,Yes,Advice from family or friends;Advice from a financial advisor;,"Bank-affiliated investment platformsÊ(e.g., TD Direct Investing, RBC Direct Investing);","I already own individual stocks, bonds, mutual funds or index funds.",Yes,10.0,"arts, design & media",0,1,1,0,0,1,0,1,0,1,0,0.5,0.4,0.4444444444444444,23,1
104,1-19-26 13:46:55,1-19-26 13:54:28,1-0-00 0:07:33,2002,china,2013,female,english,graphic design,junior/intermediate (j/i),visual arts,more than $102,less than today,his sibling,the same,the stock market helps to predict stock earnings.,none of the above,he owns a part of firm b,decreases,there is no clear correlation,No,,I do not currently use any investment platforms;,No,Yes,7.55,"arts, design & media",0,0,1,1,0,1,0,0,0,1,0,0.75,0.2,0.4444444444444444,23,0
105,1-19-26 13:44:20,1-19-26 13:54:29,1-0-00 0:10:09,2002,canada,,male,english,kinesiology,junior/intermediate (j/i),health and physical education,more than $102,more than today,my friend,the same,the stock market brings people who want to buy stocks together with those who want to sell stocks.,he owns a part of firm b,he has lent money to firm b,decreases,rise,Yes,"Online forums (e.g., X, Reddit, Discord, personal finance communities);Personal research (books, articles, academic papers);Trading platforms' resources (e.g. Blossom App);Advice from family or friends;","Self-directed online investment platformsÊ(e.g., Questrade, Wealthsimple, Robinhood, Interactive Brokers);Bank-affiliated investment platformsÊ(e.g., TD Direct Investing, RBC Direct Investing);","I already own individual stocks, bonds, mutual funds or index funds.",Yes,10.15,stem & health sciences,0,1,1,0,1,1,1,1,1,1,1,0.75,1.0,0.8888888888888888,23,1
106,1-19-26 13:44:22,1-19-26 13:54:38,1-0-00 0:10:16,2002,south korea,2003,male,english,kinesiology,junior/intermediate (j/i),health and physical education,more than $102,less than today,his sibling,the same,the stock market helps to predict stock earnings.,he owns a part of firm b,do not know,decreases,there is no clear correlation,No,,"Bank-affiliated investment platformsÊ(e.g., TD Direct Investing, RBC Direct Investing);I do not currently use any investment platforms;",Yes,Yes,10.266666666666667,stem & health sciences,0,0,1,1,0,1,0,1,0,1,0,0.75,0.4,0.5555555555555556,23,0
107,1-19-26 13:44:25,1-19-26 13:54:40,1-0-00 0:10:15,2002,canada,,male,english,kinesiology,junior/intermediate (j/i),health and physical education,more than $102,less than today,my friend,the same,the stock market helps to predict stock earnings.,he has lent money to firm b,do not know,decreases,do not know,Yes,"Advice from family or friends;Recommendations from social media (e.g., TikTok, Instagram, YouTube);Online forums (e.g., X, Reddit, Discord, personal finance communities);Personal research (books, articles, academic papers);","Self-directed online investment platformsÊ(e.g., Questrade, Wealthsimple, Robinhood, Interactive Brokers);Bank-affiliated investment platformsÊ(e.g., TD Direct Investing, RBC Direct Investing);",Yes,Yes,10.25,stem & health sciences,0,1,1,1,1,1,0,0,0,1,0,1.0,0.2,0.5555555555555556,23,1
108,1-19-26 13:44:36,1-19-26 13:54:41,1-0-00 0:10:05,2000,syria,2014,female,arabic,psychology,junior/intermediate (j/i),science general,more than $102,less than today,do not know,the same,the stock market helps to predict stock earnings.,he has lent money to firm b,do not know,decreases,rise,No,,I do not currently use any investment platforms;,Yes,Yes,10.083333333333334,social sciences,0,0,1,1,0,1,0,0,0,1,1,0.75,0.4,0.5555555555555556,25,0
109,1-19-26 13:44:29,1-19-26 13:54:42,1-0-00 0:10:13,1997,canada,,male,english,neuroscience,junior/intermediate (j/i),science general,more than $102,less than today,my friend,the same,the stock market brings people who want to buy stocks together with those who want to sell stocks.,he owns a part of firm b,he has lent money to firm b,decreases,rise,Yes,Advice from a financial advisor;,"Self-directed online investment platformsÊ(e.g., Questrade, Wealthsimple, Robinhood, Interactive Brokers);",Yes,Yes,10.216666666666667,stem & health sciences,0,1,1,1,1,1,1,1,1,1,1,1.0,1.0,1.0,28,1
110,1-19-26 13:44:48,1-19-26 13:54:46,1-0-00 0:09:58,1999,canada,,male,english,kinesiology,junior/intermediate (j/i),health and physical education,more than $102,less than today,his sibling,the same,the stock market brings people who want to buy stocks together with those who want to sell stocks.,he owns a part of firm b,he has lent money to firm b,decreases,rise,No,,I do not currently use any investment platforms;,Yes,Yes,9.966666666666667,stem & health sciences,0,1,1,1,0,1,1,1,1,1,1,0.75,1.0,0.8888888888888888,26,0
111,1-19-26 13:44:26,1-19-26 13:54:48,1-0-00 0:10:22,2003,canada,,female,english,educational studies,junior/intermediate (j/i),geography,more than $102,less than today,my friend,the same,the stock market brings people who want to buy stocks together with those who want to sell stocks.,he owns a part of firm b,he has lent money to firm b,decreases,fall,Yes,Advice from a financial advisor;Advice from family or friends;,"Bank-affiliated investment platformsÊ(e.g., TD Direct Investing, RBC Direct Investing);","I already own individual stocks, bonds, mutual funds or index funds.",Yes,10.366666666666667,education & child studies,0,1,1,1,1,1,1,1,1,1,0,1.0,0.8,0.8888888888888888,22,1
112,1-19-26 13:44:38,1-19-26 13:55:03,1-0-00 0:10:25,2001,canada,,female,english,educational studies,junior/intermediate (j/i),history,more than $102,less than today,they are equally rich,the same,the stock market helps to predict stock earnings.,he owns a part of firm b,he has lent money to firm b,stays the same,there is no clear correlation,No,,"Bank-affiliated investment platformsÊ(e.g., TD Direct Investing, RBC Direct Investing);",Yes,Yes,10.416666666666666,education & child studies,0,1,1,1,0,1,0,1,1,0,0,0.75,0.4,0.5555555555555556,24,0
113,1-19-26 13:45:04,1-19-26 13:55:13,1-0-00 0:10:09,1999,canada,,male,english,art and art history,junior/intermediate (j/i),visual arts,more than $102,do not know,my friend,the same,do not know,do not know,do not know,decreases,do not know,Yes,Advice from family or friends;,"Self-directed online investment platformsÊ(e.g., Questrade, Wealthsimple, Robinhood, Interactive Brokers);","I already own individual stocks, bonds, mutual funds or index funds.",Yes,10.15,humanities & languages,0,1,1,0,1,1,0,0,0,1,0,0.75,0.2,0.4444444444444444,26,1
114,1-19-26 13:45:00,1-19-26 13:55:36,1-0-00 0:10:36,1995,canada,,female,english,psychology,junior/intermediate (j/i),visual arts,less than $102,do not know,his sibling,the same,the stock market brings people who want to buy stocks together with those who want to sell stocks.,he owns a part of firm b,he owns a part of firm b,increases,fall,No,,I do not currently use any investment platforms;,Yes,Yes,10.6,social sciences,0,1,0,0,0,1,1,1,0,0,0,0.25,0.4,0.3333333333333333,30,0
115,1-19-26 13:44:38,1-19-26 13:55:53,1-0-00 0:11:15,2000,china,2013,female,english,illustration,junior/intermediate (j/i),visual arts,more than $102,less than today,his sibling,refusal,the stock market brings people who want to buy stocks together with those who want to sell stocks.,he owns a part of firm b,he has lent money to firm b,decreases,rise,No,,I do not currently use any investment platforms;,Yes,Yes,11.25,"arts, design & media",0,0,1,1,0,0,1,1,1,1,1,0.5,1.0,0.7777777777777778,25,0
116,1-21-26 9:17:16,1-21-26 9:21:36,1-0-00 0:04:20,2001,india,2008,female,english,life sciences,junior/intermediate (j/i),science general,do not know,do not know,his sibling,less than today,the stock market brings people who want to buy stocks together with those who want to sell stocks.,he owns a part of firm b,do not know,increases,do not know,No,,I do not currently use any investment platforms;,Yes,Yes,4.333333333333333,stem & health sciences,0,0,0,0,0,0,1,1,0,0,0,0.0,0.4,0.2222222222222222,24,0
117,1-21-26 9:17:18,1-21-26 9:21:37,1-0-00 0:04:19,2000,canada,,male,english,political science and history,junior/intermediate (j/i),history,more than $102,less than today,do not know,the same,the stock market brings people who want to buy stocks together with those who want to sell stocks.,he owns a part of firm b,he has lent money to firm b,decreases,fall,Yes,"Online forums (e.g., X, Reddit, Discord, personal finance communities);Information from financial news/media (e.g., Bloomberg, CNBC);Personal research (books, articles, academic papers);","Bank-affiliated investment platformsÊ(e.g., TD Direct Investing, RBC Direct Investing);","I already own individual stocks, bonds, mutual funds or index funds.",Yes,4.316666666666666,stem & health sciences,0,1,1,1,0,1,1,1,1,1,0,0.75,0.8,0.7777777777777778,25,1
118,1-21-26 9:17:34,1-21-26 9:21:53,1-0-00 0:04:19,1999,canada,,female,english,journalism,junior/intermediate (j/i),english (first language),more than $102,less than today,my friend,the same,the stock market brings people who want to buy stocks together with those who want to sell stocks.,he owns a part of firm b,he has lent money to firm b,decreases,do not know,Yes,Advice from a financial advisor;Advice from family or friends;,"Bank-affiliated investment platformsÊ(e.g., TD Direct Investing, RBC Direct Investing);","I already own individual stocks, bonds, mutual funds or index funds.",Yes,4.316666666666666,"arts, design & media",0,1,1,1,1,1,1,1,1,1,0,1.0,0.8,0.8888888888888888,26,1
119,1-21-26 9:17:06,1-21-26 9:22:12,1-0-00 0:05:06,2002,canada,,female,english,math and stats,junior/intermediate (j/i),mathematics,more than $102,less than today,my friend,the same,the stock market helps to predict stock earnings.,do not know,do not know,decreases,do not know,No,,I do not currently use any investment platforms;,Yes,Yes,5.1,stem & health sciences,0,1,1,1,1,1,0,0,0,1,0,1.0,0.2,0.5555555555555556,23,0
120,1-21-26 9:17:06,1-21-26 9:22:23,1-0-00 0:05:17,2002,canada,,female,english,french studies,junior/intermediate (j/i),french (second language),more than $102,more than today,they are equally rich,more than today,the stock market helps to predict stock earnings.,he has lent money to firm b,he has lent money to firm b,decreases,rise,Yes,"Advice from family or friends;Information from financial news/media (e.g., Bloomberg, CNBC);","Bank-affiliated investment platformsÊ(e.g., TD Direct Investing, RBC Direct Investing);","I already own individual stocks, bonds, mutual funds or index funds.",Yes,5.283333333333333,humanities & languages,0,1,1,0,0,0,0,0,1,1,1,0.25,0.6,0.4444444444444444,23,1
121,1-21-26 9:17:06,1-21-26 9:22:37,1-0-00 0:05:31,2001,india,2005,female,english,linguistics,junior/intermediate (j/i),mathematics,more than $102,less than today,my friend,the same,the stock market brings people who want to buy stocks together with those who want to sell stocks.,he owns a part of firm b,he has lent money to firm b,decreases,do not know,No,,"Self-directed online investment platformsÊ(e.g., Questrade, Wealthsimple, Robinhood, Interactive Brokers);Bank-affiliated investment platformsÊ(e.g., TD Direct Investing, RBC Direct Investing);",Yes,Yes,5.516666666666667,humanities & languages,0,0,1,1,1,1,1,1,1,1,0,1.0,0.8,0.8888888888888888,24,0
122,1-21-26 9:17:35,1-21-26 9:22:39,1-0-00 0:05:04,1999,canada,,female,english,mechanical engineering,junior/intermediate (j/i),science general,more than $102,less than today,my friend,the same,the stock market brings people who want to buy stocks together with those who want to sell stocks.,he owns a part of firm b,he has lent money to firm b,decreases,there is no clear correlation,No,,I do not currently use any investment platforms;,No,Yes,5.066666666666666,stem & health sciences,0,1,1,1,1,1,1,1,1,1,0,1.0,0.8,0.8888888888888888,26,0
123,1-21-26 9:18:46,1-21-26 9:22:59,1-0-00 0:04:13,1997,canada,,female,english,double major in english and theatre studies,junior/intermediate (j/i),english (first language),less than $102,less than today,my friend,the same,the stock market helps to predict stock earnings.,he owns a part of firm b,he owns a part of firm b,increases,stay the same,No,,I do not currently use any investment platforms;,Yes,Yes,4.216666666666667,humanities & languages,0,1,0,1,1,1,0,1,0,0,0,0.75,0.2,0.4444444444444444,28,0
124,1-21-26 9:17:13,1-21-26 9:23:02,1-0-00 0:05:49,2001,canada,,female,english,french studies,junior/intermediate (j/i),french (second language),do not know,do not know,do not know,do not know,the stock market helps to predict stock earnings.,he has lent money to firm b,do not know,decreases,do not know,No,,I do not currently use any investment platforms;,Yes,Yes,5.816666666666666,humanities & languages,0,1,0,0,0,0,0,0,0,1,0,0.0,0.2,0.1111111111111111,24,0
125,1-21-26 9:17:06,1-21-26 9:23:03,1-0-00 0:05:57,2002,canada,,female,english,music education,junior/intermediate (j/i),music - instrumental,more than $102,less than today,my friend,the same,the stock market brings people who want to buy stocks together with those who want to sell stocks.,he owns a part of firm b,he has lent money to firm b,decreases,rise,Yes,Advice from a financial advisor;Advice from family or friends;,"Bank-affiliated investment platformsÊ(e.g., TD Direct Investing, RBC Direct Investing);",Yes,Yes,5.95,education & child studies,0,1,1,1,1,1,1,1,1,1,1,1.0,1.0,1.0,23,1
126,1-21-26 9:17:34,1-21-26 9:24:00,1-0-00 0:06:26,1989,canada,,male,english,history and religon,junior/intermediate (j/i),history,more than $102,less than today,my friend,the same,the stock market brings people who want to buy stocks together with those who want to sell stocks.,he owns a part of firm b,he is liable for firm bõs debts,decreases,do not know,No,,I do not currently use any investment platforms;,Yes,Yes,6.433333333333334,humanities & languages,0,1,1,1,1,1,1,1,0,1,0,1.0,0.6,0.7777777777777778,36,0
127,1-21-26 9:17:08,1-21-26 9:24:09,1-0-00 0:07:01,1998,canada,,female,english,science-biology,junior/intermediate (j/i),science general,more than $102,less than today,his sibling,the same,the stock market helps to predict stock earnings.,he owns a part of firm b,do not know,do not know,do not know,No,,"Bank-affiliated investment platformsÊ(e.g., TD Direct Investing, RBC Direct Investing);",No,Yes,7.016666666666667,stem & health sciences,0,1,1,1,0,1,0,1,0,0,0,0.75,0.2,0.4444444444444444,27,0
128,1-21-26 9:17:28,1-21-26 9:24:15,1-0-00 0:06:47,1999,dubai,2000,female,english,health science,junior/intermediate (j/i),science general,more than $102,do not know,do not know,less than today,the stock market brings people who want to buy stocks together with those who want to sell stocks.,none of the above,do not know,increases,rise,Yes,Advice from a financial advisor;,"Self-directed online investment platformsÊ(e.g., Questrade, Wealthsimple, Robinhood, Interactive Brokers);",Yes,Yes,6.783333333333333,stem & health sciences,0,0,1,0,0,0,1,0,0,0,1,0.25,0.4,0.3333333333333333,26,1
129,1-21-26 9:17:06,1-21-26 9:24:34,1-0-00 0:07:28,2000,canada,,female,english,musical theatre,junior/intermediate (j/i),dramatic arts,more than $102,less than today,my friend,the same,the stock market brings people who want to buy stocks together with those who want to sell stocks.,he has lent money to firm b,he owns a part of firm b,decreases,rise,No,,I do not currently use any investment platforms;,Yes,Yes,7.466666666666667,humanities & languages,0,1,1,1,1,1,1,0,0,1,1,1.0,0.6,0.7777777777777778,25,0
130,1-21-26 9:17:08,1-21-26 9:25:38,1-0-00 0:08:30,2000,canada,,female,english,biology and anthropology double major,junior/intermediate (j/i),science general,more than $102,less than today,my friend,the same,the stock market helps to predict stock earnings.,he owns a part of firm b,he has lent money to firm b,decreases,rise,Yes,"Advice from family or friends;Personal research (books, articles, academic papers);","Self-directed online investment platformsÊ(e.g., Questrade, Wealthsimple, Robinhood, Interactive Brokers);Bank-affiliated investment platformsÊ(e.g., TD Direct Investing, RBC Direct Investing);",Yes,Yes,8.5,stem & health sciences,0,1,1,1,1,1,0,1,1,1,1,1.0,0.8,0.8888888888888888,25,1
131,1-21-26 9:17:45,1-21-26 9:25:40,1-0-00 0:07:55,1999,canada,,female,english,music,junior/intermediate (j/i),music vocal,more than $102,less than today,my friend,the same,the stock market brings people who want to buy stocks together with those who want to sell stocks.,he owns a part of firm b,he has lent money to firm b,decreases,stay the same,Refusal,,"Bank-affiliated investment platformsÊ(e.g., TD Direct Investing, RBC Direct Investing);",Refusal,Yes,7.916666666666667,"arts, design & media",0,1,1,1,1,1,1,1,1,1,0,1.0,0.8,0.8888888888888888,26,0
132,1-21-26 9:17:28,1-21-26 9:26:44,1-0-00 0:09:16,2001,canada,,female,english,mathematics,junior/intermediate (j/i),mathematics,more than $102,less than today,his sibling,the same,the stock market brings people who want to buy stocks together with those who want to sell stocks.,he owns a part of firm b,he has lent money to firm b,decreases,fall,Yes,"Personal research (books, articles, academic papers);Financial Literacy Courses;","Self-directed online investment platformsÊ(e.g., Questrade, Wealthsimple, Robinhood, Interactive Brokers);",Yes,Yes,9.266666666666667,stem & health sciences,0,1,1,1,0,1,1,1,1,1,0,0.75,0.8,0.7777777777777778,24,1
133,1-21-26 9:17:09,1-21-26 9:27:27,1-0-00 0:10:18,1994,nigeria,2007,female,english,english,junior/intermediate (j/i),english (first language),more than $102,exactly the same,my friend,the same,the stock market results in an increase in the price of stocks.,he has lent money to firm b,he owns a part of firm b,increases,fall,Yes,Advice from a financial advisor;,"Bank-affiliated investment platformsÊ(e.g., TD Direct Investing, RBC Direct Investing);",Yes,Yes,10.3,humanities & languages,0,0,1,0,1,1,0,0,0,0,0,0.75,0.0,0.3333333333333333,31,1
134,1-21-26 9:17:13,1-21-26 11:00:10,1-0-00 1:42:57,1989,jamaica,2001,female,english,cognitive science,junior/intermediate (j/i),english (first language),more than $102,less than today,they are equally rich,more than today,the stock market helps to predict stock earnings.,none of the above,he has lent money to firm b,decreases,fall,Yes,Advice from a financial advisor;,"Bank-affiliated investment platformsÊ(e.g., TD Direct Investing, RBC Direct Investing);",Yes,Yes,102.95,stem & health sciences,0,0,1,1,0,0,0,0,1,1,0,0.5,0.4,0.4444444444444444,36,1
135,1-21-26 9:24:18,1-21-26 12:57:50,1-0-00 3:33:32,1998,canada,,female,english,psychology,junior/intermediate (j/i),science general,more than $102,less than today,my friend,the same,the stock market helps to predict stock earnings.,he owns a part of firm b,he has lent money to firm b,decreases,do not know,Refusal,,"Bank-affiliated investment platformsÊ(e.g., TD Direct Investing, RBC Direct Investing);",Yes,Yes,213.53333333333333,social sciences,0,1,1,1,1,1,0,1,1,1,0,1.0,0.6,0.7777777777777778,27,0
136,1-26-26 9:54:33,1-26-26 9:57:37,1-0-00 0:03:04,1998,canada,,female,english,history and philosophy,primary/junior (p/j),,more than $102,less than today,my friend,the same,the stock market helps to predict stock earnings.,he owns a part of firm b,he is liable for firm bõs debts,stays the same,there is no clear correlation,Yes,Advice from a financial advisor;,"Bank-affiliated investment platformsÊ(e.g., TD Direct Investing, RBC Direct Investing);",Yes,Yes,3.066666666666667,humanities & languages,0,1,1,1,1,1,0,1,0,0,0,1.0,0.2,0.5555555555555556,27,1
137,1-26-26 9:54:22,1-26-26 9:58:08,1-0-00 0:03:46,2002,canada,,female,english,early childhood studies,primary/junior (p/j),,more than $102,do not know,do not know,the same,the stock market results in an increase in the price of stocks.,he owns a part of firm b,do not know,increases,do not know,No,,I do not currently use any investment platforms;,Yes,Yes,3.7666666666666666,education & child studies,0,1,1,0,0,1,0,1,0,0,0,0.5,0.2,0.3333333333333333,23,0
138,1-26-26 9:54:13,1-26-26 9:58:55,1-0-00 0:04:42,2001,canada,,female,english,social psychology,primary/junior (p/j),,more than $102,do not know,they are equally rich,the same,the stock market helps to predict stock earnings.,he owns a part of firm b,he has lent money to firm b,decreases,do not know,No,,I do not currently use any investment platforms;,Refusal,Yes,4.7,social sciences,0,1,1,0,0,1,0,1,1,1,0,0.5,0.6,0.5555555555555556,24,0
139,1-26-26 9:53:20,1-26-26 9:59:11,1-0-00 0:05:51,2000,canada,,female,english,psychology (arts),primary/junior (p/j),,more than $102,less than today,my friend,the same,the stock market brings people who want to buy stocks together with those who want to sell stocks.,he owns a part of firm b,he has lent money to firm b,decreases,do not know,Yes,Advice from a financial advisor;Advice from family or friends;,"Bank-affiliated investment platformsÊ(e.g., TD Direct Investing, RBC Direct Investing);","I already own individual stocks, bonds, mutual funds or index funds.",Yes,5.85,social sciences,0,1,1,1,1,1,1,1,1,1,0,1.0,0.8,0.8888888888888888,25,1
140,1-26-26 9:54:08,1-26-26 9:59:14,1-0-00 0:05:06,2003,canada,,female,english,sociology,primary/junior (p/j),,do not know,do not know,my friend,do not know,the stock market brings people who want to buy stocks together with those who want to sell stocks.,he owns a part of firm b,he has lent money to firm b,decreases,do not know,Yes,Advice from a financial advisor;,"Bank-affiliated investment platformsÊ(e.g., TD Direct Investing, RBC Direct Investing);",Yes,Yes,5.1,social sciences,0,1,0,0,1,0,1,1,1,1,0,0.25,0.8,0.5555555555555556,22,1
141,1-26-26 9:54:32,1-26-26 9:59:43,1-0-00 0:05:11,2003,canada,,male,english,criminology / political science,primary/junior (p/j),,more than $102,less than today,his sibling,the same,the stock market brings people who want to buy stocks together with those who want to sell stocks.,he owns a part of firm b,he has lent money to firm b,decreases,rise,Yes,"Online forums (e.g., X, Reddit, Discord, personal finance communities);Advice from family or friends;Personal research (books, articles, academic papers);","Self-directed online investment platformsÊ(e.g., Questrade, Wealthsimple, Robinhood, Interactive Brokers);","I already own individual stocks, bonds, mutual funds or index funds.",Yes,5.183333333333334,stem & health sciences,0,1,1,1,0,1,1,1,1,1,1,0.75,1.0,0.8888888888888888,22,1
142,1-26-26 9:54:34,1-26-26 10:00:12,1-0-00 0:05:38,2000,canada,,female,english,social work,primary/junior (p/j),,more than $102,less than today,my friend,the same,the stock market brings people who want to buy stocks together with those who want to sell stocks.,he owns a part of firm b,do not know,decreases,fall,No,,"Bank-affiliated investment platformsÊ(e.g., TD Direct Investing, RBC Direct Investing);",Yes,Yes,5.633333333333334,education & child studies,0,1,1,1,1,1,1,1,0,1,0,1.0,0.6,0.7777777777777778,25,0
143,1-26-26 9:55:01,1-26-26 10:00:22,1-0-00 0:05:21,1993,canada,,male,english,bcomm,primary/junior (p/j),,more than $102,less than today,they are equally rich,the same,the stock market helps to predict stock earnings.,he owns a part of firm b,he has lent money to firm b,decreases,rise,Yes,Advice from a financial advisor;,"Self-directed online investment platformsÊ(e.g., Questrade, Wealthsimple, Robinhood, Interactive Brokers);Bank-affiliated investment platformsÊ(e.g., TD Direct Investing, RBC Direct Investing);",Yes,Yes,5.35,social sciences,1,1,1,1,0,1,0,1,1,1,1,0.75,0.8,0.7777777777777778,32,1
144,1-26-26 9:54:10,1-26-26 10:00:40,1-0-00 0:06:30,2000,canada,,female,english,political science,primary/junior (p/j),,more than $102,less than today,my friend,the same,the stock market brings people who want to buy stocks together with those who want to sell stocks.,he owns a part of firm b,he has lent money to firm b,decreases,rise,Yes,"Information from financial news/media (e.g., Bloomberg, CNBC);Advice from family or friends;Advice from a financial advisor;","Self-directed online investment platformsÊ(e.g., Questrade, Wealthsimple, Robinhood, Interactive Brokers);Bank-affiliated investment platformsÊ(e.g., TD Direct Investing, RBC Direct Investing);","I already own individual stocks, bonds, mutual funds or index funds.",Yes,6.5,stem & health sciences,0,1,1,1,1,1,1,1,1,1,1,1.0,1.0,1.0,25,1
145,1-26-26 9:54:10,1-26-26 10:01:12,1-0-00 0:07:02,1994,united states,2012,female,english,equity studies,primary/junior (p/j),,more than $102,do not know,my friend,the same,do not know,do not know,none of the above,decreases,do not know,Yes,advice from the bank;,I do not currently use any investment platforms;,Yes,Yes,7.033333333333333,social sciences,0,0,1,0,1,1,0,0,0,1,0,0.75,0.2,0.4444444444444444,31,1
146,1-26-26 9:54:06,1-26-26 10:01:13,1-0-00 0:07:07,2001,canada,,female,english,"child, youth, and family studies",primary/junior (p/j),,more than $102,do not know,they are equally rich,the same,the stock market helps to predict stock earnings.,he owns a part of firm b,do not know,decreases,do not know,Yes,"Advice from family or friends;Personal research (books, articles, academic papers);","Self-directed online investment platformsÊ(e.g., Questrade, Wealthsimple, Robinhood, Interactive Brokers);",Yes,Yes,7.116666666666666,education & child studies,0,1,1,0,0,1,0,1,0,1,0,0.5,0.4,0.4444444444444444,24,1
147,1-26-26 9:54:10,1-26-26 10:02:33,1-0-00 0:08:23,2003,united kingdom,2007,female,english,human biology and animal physiology,primary/junior (p/j),,more than $102,less than today,they are equally rich,the same,the stock market brings people who want to buy stocks together with those who want to sell stocks.,he owns a part of firm b,he has lent money to firm b,decreases,rise,Yes,automatic investments through my bank;,"Bank-affiliated investment platformsÊ(e.g., TD Direct Investing, RBC Direct Investing);","I already own individual stocks, bonds, mutual funds or index funds.",Yes,8.383333333333333,stem & health sciences,0,0,1,1,0,1,1,1,1,1,1,0.75,1.0,0.8888888888888888,22,1
148,1-26-26 9:54:22,1-26-26 10:02:38,1-0-00 0:08:16,1986,united states,1998,male,english,history,primary/junior (p/j),,more than $102,less than today,they are equally rich,the same,do not know,he owns a part of firm b,he is liable for firm bõs debts,decreases,do not know,Yes,"Advice from a financial advisor;Advice from family or friends;Online forums (e.g., X, Reddit, Discord, personal finance communities);Personal research (books, articles, academic papers);","Self-directed online investment platformsÊ(e.g., Questrade, Wealthsimple, Robinhood, Interactive Brokers);Bank-affiliated investment platformsÊ(e.g., TD Direct Investing, RBC Direct Investing);","I already own individual stocks, bonds, mutual funds or index funds.",Yes,8.266666666666667,humanities & languages,0,0,1,1,0,1,0,1,0,1,0,0.75,0.4,0.5555555555555556,39,1
149,1-26-26 9:54:20,1-26-26 10:02:42,1-0-00 0:08:22,2002,canada,,female,english,psychology,primary/junior (p/j),,more than $102,less than today,my friend,the same,the stock market helps to predict stock earnings.,he owns a part of firm b,do not know,decreases,do not know,Yes,Trading platforms' resources (e.g. Blossom App);Automated tools/ChatGPT;Advice from a financial advisor;Advice from family or friends;,"Self-directed online investment platformsÊ(e.g., Questrade, Wealthsimple, Robinhood, Interactive Brokers);Bank-affiliated investment platformsÊ(e.g., TD Direct Investing, RBC Direct Investing);","I already own individual stocks, bonds, mutual funds or index funds.",Yes,8.366666666666667,social sciences,0,1,1,1,1,1,0,1,0,1,0,1.0,0.4,0.6666666666666666,23,1
150,1-26-26 9:53:55,1-26-26 10:02:44,1-0-00 0:08:49,2003,canada,,female,english,honours bachelor of health science,primary/junior (p/j),,more than $102,more than today,my friend,the same,the stock market brings people who want to buy stocks together with those who want to sell stocks.,none of the above,none of the above,decreases,rise,Yes,Advice from a financial advisor;,"Bank-affiliated investment platformsÊ(e.g., TD Direct Investing, RBC Direct Investing);","I already own individual stocks, bonds, mutual funds or index funds.",Yes,8.816666666666666,stem & health sciences,0,1,1,0,1,1,1,0,0,1,1,0.75,0.6,0.6666666666666666,22,1
154,1-26-26 9:54:05,1-26-26 10:04:55,1-0-00 0:10:50,2000,canada,,female,english,ethics/society/law,primary/junior (p/j),,more than $102,less than today,do not know,the same,the stock market brings people who want to buy stocks together with those who want to sell stocks.,do not know,do not know,decreases,do not know,Refusal,,I do not currently use any investment platforms;,No,Yes,10.833333333333334,social sciences,0,1,1,1,0,1,1,0,0,1,0,0.75,0.4,0.5555555555555556,25,0
155,1-26-26 9:54:32,1-26-26 10:05:06,1-0-00 0:10:34,2003,china,2004,female,english,sociology,primary/junior (p/j),,more than $102,less than today,my friend,the same,the stock market brings people who want to buy stocks together with those who want to sell stocks.,he owns a part of firm b,he has lent money to firm b,decreases,rise,No,,"Bank-affiliated investment platformsÊ(e.g., TD Direct Investing, RBC Direct Investing);",Yes,Yes,10.566666666666666,social sciences,0,0,1,1,1,1,1,1,1,1,1,1.0,1.0,1.0,22,0
156,1-26-26 9:54:09,1-26-26 10:05:12,1-0-00 0:11:03,1995,canada,,female,english,bachelor of arts,primary/junior (p/j),,less than $102,less than today,they are equally rich,less than today,the stock market results in an increase in the price of stocks.,he has lent money to firm b,he owns a part of firm b,increases,fall,Yes,Advice from a financial advisor;,"Social or community-based investing platformsÊ(e.g., Blossom);Bank-affiliated investment platformsÊ(e.g., TD Direct Investing, RBC Direct Investing);",Yes,Yes,11.05,"arts, design & media",0,1,0,1,0,0,0,0,0,0,0,0.25,0.0,0.1111111111111111,30,1
157,1-26-26 9:54:08,1-26-26 10:05:32,1-0-00 0:11:24,1999,pakistan,2003,female,english,graphic design | digital technology and education - adult ed,primary/junior (p/j),,more than $102,less than today,my friend,the same,the stock market helps to predict stock earnings.,he owns a part of firm b,he has lent money to firm b,decreases,rise,No,,"Self-directed online investment platformsÊ(e.g., Questrade, Wealthsimple, Robinhood, Interactive Brokers);Bank-affiliated investment platformsÊ(e.g., TD Direct Investing, RBC Direct Investing);",Yes,Yes,11.4,education & child studies,0,0,1,1,1,1,0,1,1,1,1,1.0,0.8,0.8888888888888888,26,0
158,1-26-26 9:54:50,1-26-26 10:05:53,1-0-00 0:11:03,2001,ireland,2002,female,english,early childhood studies,primary/junior (p/j),,more than $102,less than today,my friend,the same,the stock market brings people who want to buy stocks together with those who want to sell stocks.,he owns a part of firm b,he has lent money to firm b,decreases,rise,No,,I do not currently use any investment platforms;,Yes,Yes,11.05,education & child studies,0,0,1,1,1,1,1,1,1,1,1,1.0,1.0,1.0,24,0
159,1-26-26 9:54:09,1-26-26 10:05:54,1-0-00 0:11:45,2001,canada,,female,english,anthropology + environmental ethics,primary/junior (p/j),,more than $102,less than today,my friend,the same,the stock market brings people who want to buy stocks together with those who want to sell stocks.,he owns a part of firm b,he has lent money to firm b,decreases,rise,No,,I do not currently use any investment platforms;,Yes,Yes,11.75,social sciences,0,1,1,1,1,1,1,1,1,1,1,1.0,1.0,1.0,24,0
160,1-26-26 9:54:08,1-26-26 10:05:59,1-0-00 0:11:51,2002,canada,,female,english,nursing,primary/junior (p/j),,more than $102,do not know,my friend,more than today,the stock market brings people who want to buy stocks together with those who want to sell stocks.,he owns a part of firm b,he is liable for firm bõs debts,decreases,rise,No,,I do not currently use any investment platforms;,Yes,Yes,11.85,stem & health sciences,0,1,1,0,1,0,1,1,0,1,1,0.5,0.8,0.6666666666666666,23,0
161,1-26-26 9:55:26,1-26-26 10:06:05,1-0-00 0:10:39,2002,canada,,female,english,biology and psychology (double major),primary/junior (p/j),,more than $102,less than today,my friend,the same,the stock market brings people who want to buy stocks together with those who want to sell stocks.,he owns a part of firm b,he owns a part of firm b,decreases,fall,Yes,"Advice from family or friends;Personal research (books, articles, academic papers);Online forums (e.g., X, Reddit, Discord, personal finance communities);Recommendations from social media (e.g., TikTok, Instagram, YouTube);","Self-directed online investment platformsÊ(e.g., Questrade, Wealthsimple, Robinhood, Interactive Brokers);","I already own individual stocks, bonds, mutual funds or index funds.",Yes,10.65,stem & health sciences,0,1,1,1,1,1,1,1,0,1,0,1.0,0.6,0.7777777777777778,23,1
162,1-26-26 9:54:08,1-26-26 10:06:09,1-0-00 0:12:01,2000,canada,,female,english,psychology,primary/junior (p/j),,more than $102,less than today,my friend,the same,the stock market brings people who want to buy stocks together with those who want to sell stocks.,he owns a part of firm b,he has lent money to firm b,decreases,rise,No,,I do not currently use any investment platforms;,Yes,Yes,12.016666666666667,social sciences,0,1,1,1,1,1,1,1,1,1,1,1.0,1.0,1.0,25,0
163,1-26-26 9:55:10,1-26-26 10:09:05,1-0-00 0:13:55,1984,iran,2017,female,english,english langauge and literature,primary/junior (p/j),,more than $102,less than today,my friend,the same,the stock market brings people who want to buy stocks together with those who want to sell stocks.,he owns a part of firm b,he has lent money to firm b,decreases,rise,No,,"Cryptocurrency trading platformsÊ(e.g., NDAX);",Yes,Yes,13.916666666666666,humanities & languages,0,0,1,1,1,1,1,1,1,1,1,1.0,1.0,1.0,41,0
164,1-26-26 9:59:55,1-26-26 10:12:13,1-0-00 0:12:18,2002,canada,,female,english,communications,primary/junior (p/j),,more than $102,less than today,my friend,the same,the stock market brings people who want to buy stocks together with those who want to sell stocks.,he owns a part of firm b,he has lent money to firm b,decreases,rise,Yes,"Advice from family or friends;Personal research (books, articles, academic papers);Trading platforms' resources (e.g. Blossom App);","Self-directed online investment platformsÊ(e.g., Questrade, Wealthsimple, Robinhood, Interactive Brokers);","I already own individual stocks, bonds, mutual funds or index funds.",Yes,12.3,"arts, design & media",0,1,1,1,1,1,1,1,1,1,1,1.0,1.0,1.0,23,1
